,Variant ID,vf,Location,Chr: bp,vf_allele,Alleles,gmaf_allele,gmaf_freq,Global MAF,Class,Source,Evidence,Clin. Sig.,Conseq. Type,AA,AA coord,AA coord.1,sift_sort,sift_class,SIFT,polyphen_sort,polyphen_class,PolyPhen,cadd_sort,cadd_class,CADD,revel_sort,revel_class,REVEL,meta_lr_sort,meta_lr_class,MetaLR,mutation_assessor_sort,mutation_assessor_class,Mutation Assessor,Transcript
0,rs1555354198,494804339,14:35007369,14:35007369-35007378,AACAACA,AACAACAACA/AACAACA,,,-,indel,dbSNP,Phenotype_or_Disease,likely pathogenic~pathogenic,inframe deletion,KTTT/KTT,114.0,114-117,,-,,,-,,,-,,,-,,,-,,,-,,ENST00000216774.11
1,rs1555354200,494804364,14:35007370,14:35007370,G,A/G,,,-,SNP,dbSNP,Phenotype_or_Disease,pathogenic,missense variant,T/A,115.0,115,1.0,deleterious,0.0,998.0,probably damaging,0.997,28001.0,likely benign,28.0,889.0,likely disease causing,0.888,730.0,damaging,0.7290000000000001,1000.0,high,0.9990000000000001,ENST00000216774.11
2,rs1555354750,494808830,14:35013386,14:35013386,A,G/A,,,-,SNP,dbSNP,Phenotype_or_Disease,pathogenic,missense variant,G/E,226.0,226,21.0,deleterious,0.02,363.0,benign,0.36200000000000004,25001.0,likely benign,25.0,903.0,likely disease causing,0.902,505.0,damaging,0.504,1000.0,high,0.9990000000000001,ENST00000216774.11
3,rs1555354198,494804339,14:35007369,14:35007369-35007378,AACAACA,AACAACAACA/AACAACA,,,-,indel,dbSNP,Phenotype_or_Disease,likely pathogenic~pathogenic,inframe deletion,KTTT/KTT,65.0,65-68,,-,,,-,,,-,,,-,,,-,,,-,,ENST00000546080.5
4,rs1555354200,494804364,14:35007370,14:35007370,G,A/G,,,-,SNP,dbSNP,Phenotype_or_Disease,pathogenic,missense variant,T/A,66.0,66,1.0,deleterious,0.0,998.0,probably damaging,0.997,28001.0,likely benign,28.0,889.0,likely disease causing,0.888,730.0,damaging,0.7290000000000001,1000.0,high,0.9990000000000001,ENST00000546080.5
5,rs1555354750,494808830,14:35013386,14:35013386,A,G/A,,,-,SNP,dbSNP,Phenotype_or_Disease,pathogenic,missense variant,G/E,177.0,177,21.0,deleterious,0.02,456.0,possibly damaging,0.455,25001.0,likely benign,25.0,903.0,likely disease causing,0.902,505.0,damaging,0.504,1000.0,high,0.9990000000000001,ENST00000546080.5
6,rs1555354198,494804339,14:35007369,14:35007369-35007378,AACAACA,AACAACAACA/AACAACA,,,-,indel,dbSNP,Phenotype_or_Disease,likely pathogenic~pathogenic,inframe deletion,KTTT/KTT,50.0,50-53,,-,,,-,,,-,,,-,,,-,,,-,,ENST00000555557.5
7,rs1555354200,494804364,14:35007370,14:35007370,G,A/G,,,-,SNP,dbSNP,Phenotype_or_Disease,pathogenic,missense variant,T/A,51.0,51,1.0,deleterious,0.0,998.0,probably damaging,0.997,28001.0,likely benign,28.0,889.0,likely disease causing,0.888,730.0,damaging,0.7290000000000001,1000.0,high,0.9990000000000001,ENST00000555557.5
8,rs1555354750,494808830,14:35013386,14:35013386,A,G/A,,,-,SNP,dbSNP,Phenotype_or_Disease,pathogenic,missense variant,G/E,162.0,162,31.0,deleterious,0.03,363.0,benign,0.36200000000000004,25001.0,likely benign,25.0,903.0,likely disease causing,0.902,505.0,damaging,0.504,1000.0,high,0.9990000000000001,ENST00000555557.5
9,rs1555354198,494804339,14:35007369,14:35007369-35007378,AACAACA,AACAACAACA/AACAACA,,,-,indel,dbSNP,Phenotype_or_Disease,likely pathogenic~pathogenic,intron variant~NMD transcript variant,,,,,-,,,-,,,-,,,-,,,-,,,-,,ENST00000556380.3
10,rs1555354200,494804364,14:35007370,14:35007370,G,A/G,,,-,SNP,dbSNP,Phenotype_or_Disease,pathogenic,intron variant~NMD transcript variant,,,,,-,,,-,,,-,,,-,,,-,,,-,,ENST00000556380.3
11,rs1555354750,494808830,14:35013386,14:35013386,A,G/A,,,-,SNP,dbSNP,Phenotype_or_Disease,pathogenic,3 prime UTR variant~NMD transcript variant,,,,,-,,,-,,,-,,,-,,,-,,,-,,ENST00000556380.3
12,rs1555354198,494804339,14:35007369,14:35007369-35007378,AACAACA,AACAACAACA/AACAACA,,,-,indel,dbSNP,Phenotype_or_Disease,likely pathogenic~pathogenic,inframe deletion,KTTT/KTT,114.0,114-117,,-,,,-,,,-,,,-,,,-,,,-,,ENST00000556994.5
13,rs1555354200,494804364,14:35007370,14:35007370,G,A/G,,,-,SNP,dbSNP,Phenotype_or_Disease,pathogenic,missense variant,T/A,115.0,115,1.0,deleterious,0.0,998.0,probably damaging,0.997,28001.0,likely benign,28.0,889.0,likely disease causing,0.888,730.0,damaging,0.7290000000000001,1000.0,high,0.9990000000000001,ENST00000556994.5
14,rs1555354750,494808830,14:35013386,14:35013386,A,G/A,,,-,SNP,dbSNP,Phenotype_or_Disease,pathogenic,missense variant,G/E,226.0,226,21.0,deleterious,0.02,363.0,benign,0.36200000000000004,25001.0,likely benign,25.0,903.0,likely disease causing,0.902,505.0,damaging,0.504,1000.0,high,0.9990000000000001,ENST00000556994.5
15,rs1555354198,494804339,14:35007369,14:35007369-35007378,AACAACA,AACAACAACA/AACAACA,,,-,indel,dbSNP,Phenotype_or_Disease,likely pathogenic~pathogenic,intron variant,,,,,-,,,-,,,-,,,-,,,-,,,-,,ENST00000630962.1
16,rs1555354200,494804364,14:35007370,14:35007370,G,A/G,,,-,SNP,dbSNP,Phenotype_or_Disease,pathogenic,intron variant,,,,,-,,,-,,,-,,,-,,,-,,,-,,ENST00000630962.1
